gene,t_stat,p_value,mean_ALL,mean_AML,abs_t
CD79A_MB1,31.23126681017228,2.0468842812722728e-45,9.545918003126314,3.0158128144883944,31.23126681017228
MPO,-25.494324500114217,1.474419300397942e-39,2.5840090432895813,9.537510024069107,25.494324500114217
LYZ,-24.111396757687892,6.779271441182758e-38,3.356280435002334,8.90444828531271,24.111396757687892
CD33,-23.88739975528417,1.4844351759839595e-37,2.7641985952710306,8.662974693747431,23.88739975528417
CD19,21.810605469279693,1.1854275357921793e-34,9.106016895290503,2.5892570424391947,21.810605469279693
ELANE,-20.667893528523965,2.228701071673768e-33,2.0468243376810404,7.854579930589052,20.667893528523965
TCF3,15.76526539912815,6.128477905265012e-25,7.767351986825541,4.436186490111796,15.76526539912815
ADA,15.633064142088193,1.0081953631598068e-25,7.602042106967244,3.8572198951637566,15.633064142088193
GENE_0022,-2.924801622808699,0.004541636498137774,7.684997811924636,8.293975722715846,2.924801622808699
GENE_0219,2.722034331485418,0.008011834396324106,4.308436822274469,3.6388636792357603,2.722034331485418
GENE_0293,-2.544865675440017,0.012905832988922653,6.866393321554037,7.623177194871738,2.544865675440017
GENE_0213,2.369370514826904,0.02030452814762035,4.329902003711022,3.7109288264528133,2.369370514826904
GENE_0265,2.367630229813719,0.020410243958938045,3.9990947404596113,3.5700759864065374,2.367630229813719
GENE_0449,-2.363500095936969,0.020593465568695436,7.424558038073661,7.881267418953399,2.363500095936969
GENE_0150,-2.3058598776537966,0.023921822428911048,8.000113917565846,8.64321629024651,2.3058598776537966
GENE_0369,2.277773331419858,0.025482997249662045,8.900268019337236,8.542661782648182,2.277773331419858
GENE_0432,2.2555144424408224,0.027116900488631784,7.506637732758101,7.017643644160375,2.2555144424408224
GENE_0316,2.2519215844472393,0.027299814891790338,7.9044718139903,7.61802328790119,2.2519215844472393
GENE_0064,2.2278350197809624,0.02909521740943334,4.168651766917367,3.8307213237268813,2.2278350197809624
GENE_0134,-2.204177759668753,0.030465798268535797,5.485454846480865,5.858040108030191,2.204177759668753
GENE_0394,-2.191953291913197,0.031423607074659764,8.27581135840746,8.65998676967826,2.191953291913197
GENE_0096,2.156399693017585,0.03414215848676563,4.301215468085301,4.029042924378804,2.156399693017585
GENE_0249,2.1408587644021653,0.035560547446530616,8.041333341147809,7.7704848752852325,2.1408587644021653
GENE_0320,2.1136132445212397,0.03775835782894965,4.349585828175154,3.8859832182596143,2.1136132445212397
GENE_0063,-2.097212434292017,0.039216161208490606,3.8367380993792066,4.4247471905873335,2.097212434292017
GENE_0174,2.079707840832286,0.041228769774799584,3.4526705628445113,2.9212043835909802,2.079707840832286
GENE_0404,-2.078018399895927,0.0410545223579907,5.923610398234631,6.307263152513037,2.078018399895927
GENE_0048,2.0659115580988257,0.042225776706270736,8.385025339999576,7.7878904091718315,2.0659115580988257
GENE_0290,-2.0275781421966066,0.04619075817132021,8.316505595614931,8.77966870124796,2.0275781421966066
GENE_0241,-1.9914007933849533,0.05013761996704579,5.720452413919366,6.180269176162948,1.9914007933849533
GENE_0211,1.9758566649608817,0.05189837707683621,6.883987494876929,6.5274746253781855,1.9758566649608817
GENE_0103,-1.9626533945657707,0.05332792040191198,8.205780269356685,8.673239845868979,1.9626533945657707
GENE_0459,1.9398278171706431,0.05604063566802023,5.689347663322669,5.39605643736671,1.9398278171706431
GENE_0132,-1.8947899320287707,0.061918474379565984,8.119067721865964,8.464794701203996,1.8947899320287707
GENE_0212,-1.8705280480508988,0.06531205152769119,5.7050138221538855,6.201889815331431,1.8705280480508988
GENE_0484,-1.8571211195788786,0.06706897589155293,4.346723567581696,4.692682599503722,1.8571211195788786
GENE_0224,1.8539326899376216,0.06775792677673342,4.832395938914297,4.20406747448182,1.8539326899376216
GENE_0347,1.835401085859091,0.07033750828204345,8.674351429097374,8.481814636056914,1.835401085859091
GENE_0141,-1.8270682039485477,0.07152948294609308,4.157396997470391,4.3314251241965165,1.8270682039485477
GENE_0391,-1.8248127528822937,0.07186081804636939,6.60834618992026,6.9034464474854556,1.8248127528822937
GENE_0043,-1.8098791740723958,0.07431383243157272,8.311899946617908,8.638948086396102,1.8098791740723958
GENE_0478,-1.800640484905255,0.07610316433074178,4.221943650216882,4.506723182428557,1.800640484905255
GENE_0201,1.7902311187345687,0.07730235149811833,6.483210470227379,5.972765713850299,1.7902311187345687
GENE_0279,-1.7548257987125127,0.08331987403088567,6.28498443171939,6.547761446121778,1.7548257987125127
GENE_0070,-1.7042842837388557,0.0924400664408951,6.0844691446743955,6.362574332865553,1.7042842837388557
GENE_0460,1.7024918888470328,0.09265721610534011,6.895060430132983,6.5404834685240445,1.7024918888470328
GENE_0149,1.6966399796841796,0.09375436296601923,4.2431560006307985,3.708576323605037,1.6966399796841796
GENE_0408,1.686084331179992,0.09588143310547857,8.874930967564254,8.678543444236862,1.686084331179992
GENE_0359,1.6833924581904363,0.09632458799466448,7.842959763237765,7.6116671381939245,1.6833924581904363
GENE_0393,-1.6613021857406096,0.10108817146804894,5.832929636731099,6.020472957499974,1.6613021857406096
GENE_0194,1.6186871313094053,0.10955982387580236,8.952500664871764,8.470621849155757,1.6186871313094053
GENE_0081,-1.6121011292440985,0.11114535242253266,2.96322773749262,3.456395402753324,1.6121011292440985
GENE_0287,-1.6113218881340292,0.11132498970308512,6.271397179978562,6.597158606790929,1.6113218881340292
GENE_0046,-1.6068260417736826,0.11214936884291771,3.6020613556527805,3.871147175832873,1.6068260417736826
GENE_0181,1.606261393522865,0.1123696614754449,7.476977919851786,6.96728031278144,1.606261393522865
GENE_0462,-1.600985213869189,0.11360512093623332,5.3751598539129155,5.665600731875832,1.600985213869189
GENE_0072,-1.599823306387458,0.11373707477736841,3.5897772573550135,4.040294568206818,1.599823306387458
GENE_0292,-1.5990789753509718,0.11384936027517653,6.557848286516574,6.8811678705099455,1.5990789753509718
GENE_0275,-1.5929909386385022,0.11561412424672143,5.34198813771587,5.71724987727711,1.5929909386385022
GENE_0451,1.5906387527155927,0.1160823489240936,6.492951959897755,6.2167456127558225,1.5906387527155927
GENE_0495,-1.572007680597913,0.12019418244813308,8.532935689790438,9.03850582277325,1.572007680597913
GENE_0476,1.5670489549250468,0.12128089526858356,7.478002952759104,7.097985825012967,1.5670489549250468
GENE_0232,1.5643954703159035,0.12177333980160554,3.2190869016673163,3.0263412208765326,1.5643954703159035
GENE_0450,-1.5520428030265045,0.1247286014726932,2.9384724596746263,3.4433233214137458,1.5520428030265045
GENE_0184,1.5432480666577943,0.12696793378222082,6.2325894839375895,5.791343014765417,1.5432480666577943
GENE_0352,1.5426077653696662,0.1269843878558182,3.5879137022602356,3.220191199304877,1.5426077653696662
GENE_0239,1.5311523655851491,0.12981450576644088,6.419012919147154,6.0143350954773185,1.5311523655851491
GENE_0129,-1.4776952309203297,0.14351634918798625,6.399774415081832,6.788578570386093,1.4776952309203297
GENE_0167,1.4729534859254285,0.1450314551530266,7.03881352742238,6.576851219524547,1.4729534859254285
GENE_0324,-1.4430482697820342,0.1533107409010453,7.125285835833348,7.414797492537798,1.4430482697820342
GENE_0392,1.4345845240996264,0.1554166126097366,7.78541631028309,7.5260343970082575,1.4345845240996264
GENE_0119,-1.4268918099724202,0.1576816635195715,7.776961947844046,8.165891031650148,1.4268918099724202
GENE_0434,-1.4237612955135244,0.15880219467678963,6.694827726592282,7.140412624993791,1.4237612955135244
GENE_0011,-1.4146238237598825,0.1612755394182142,5.156408876071429,5.3883559937181165,1.4146238237598825
GENE_0041,1.4069507262339556,0.16342997312695118,4.426219782393434,4.20151920668692,1.4069507262339556
GENE_0209,-1.3989856581276758,0.16581883366551173,5.019636440306729,5.252364378451707,1.3989856581276758
GENE_0004,1.3973998883856955,0.16631816376251843,5.84272109243072,5.680303894722911,1.3973998883856955
GENE_0242,1.3963898565574773,0.1666900792770544,3.6534220488121747,3.3028113051961396,1.3963898565574773
GENE_0024,1.3881536965967471,0.16905151024465376,3.519585574742736,3.1985353356106385,1.3881536965967471
GENE_0156,1.3832909819182977,0.17059137267208296,5.099456009340765,4.742873675185338,1.3832909819182977
GENE_0198,-1.3803410831989786,0.17154160778526933,3.0931811961552906,3.4643225310171446,1.3803410831989786
GENE_0464,1.3788708633974889,0.1719654348122039,7.540076697218842,7.276485860173852,1.3788708633974889
GENE_0259,-1.3657389985868915,0.175947359337188,7.739720180641578,8.05773906282179,1.3657389985868915
GENE_0327,-1.3645651386736515,0.17631698320540348,5.568712439752579,5.89249825693865,1.3645651386736515
GENE_0205,-1.3642173002214608,0.17642265161047732,6.155271410466257,6.297479868361958,1.3642173002214608
GENE_0325,1.360257649694657,0.1778977016886415,7.024194378410994,6.678035748854134,1.360257649694657
GENE_0234,-1.3592973415130056,0.17803920347940286,7.244425148470865,7.584203739331374,1.3592973415130056
GENE_0200,-1.3436706072933307,0.18304038762802965,2.990662262937711,3.4269856631013766,1.3436706072933307
GENE_0066,-1.3372133176443524,0.18526343605213308,7.63833938444221,7.84176079794135,1.3372133176443524
GENE_0008,-1.3307315424856772,0.18721132223646209,8.524957702619322,8.956984946271955,1.3307315424856772
GENE_0123,-1.3281044438193,0.18805602527193335,6.196501759305345,6.457720728358734,1.3281044438193
GENE_0197,-1.3049723814079786,0.19598159391908176,6.385261197717722,6.615950599328135,1.3049723814079786
GENE_0373,-1.3044264129806038,0.1959262539971896,5.009771435071468,5.21217781353059,1.3044264129806038
GENE_0330,-1.3022642861929954,0.19707906570928396,7.964276666239255,8.197967705965674,1.3022642861929954
GENE_0288,-1.3018572714428587,0.19679700301688166,4.532706895018626,4.953026997237991,1.3018572714428587
GENE_0187,-1.3000628449252947,0.19743856698256532,8.408948352985293,8.602988313566565,1.3000628449252947
GENE_0018,1.2960829433533834,0.1989311042859208,8.434341156244951,8.216472275478768,1.2960829433533834
GENE_0251,1.2949206566330989,0.19935246167393822,7.171941390661376,6.922362867113331,1.2949206566330989
GENE_0423,1.2829569902230418,0.20339075751513652,4.42802328977059,4.151945332529465,1.2829569902230418
GENE_0248,1.2810506267187751,0.2040786549554252,9.047714783646649,8.889876943134274,1.2810506267187751
GENE_0447,1.2715544206138045,0.20731046023901087,5.519646074249689,5.247936423682202,1.2715544206138045
GENE_0160,1.2713093106831237,0.20750388167446654,7.128687949152747,6.961435769244413,1.2713093106831237
GENE_0028,-1.2695815133672539,0.208043955123505,7.491925783755846,7.671752085407974,1.2695815133672539
GENE_0406,-1.265185108774142,0.20959026656826477,7.518859206840463,7.7598248546120185,1.265185108774142
GENE_0319,-1.2650527271957364,0.2096230819693708,7.628554015344131,7.90507444840795,1.2650527271957364
GENE_0169,-1.2572394995068072,0.21241844265915624,5.627525172122199,5.84730822385769,1.2572394995068072
GENE_0439,1.2527314011871682,0.21404829389736715,5.595241640944347,5.335622196915604,1.2527314011871682
GENE_0305,-1.239423331203078,0.21900364469385397,5.626803355269758,5.809503055626983,1.239423331203078
GENE_0127,1.2388062351692242,0.2194387215540466,6.530020263898441,6.339873062326283,1.2388062351692242
GENE_0037,-1.2357349255474983,0.22028786485580493,3.81196364749635,4.214668734093051,1.2357349255474983
GENE_0036,1.2353310333804826,0.2205291377002153,8.49652908764197,8.26327957903438,1.2353310333804826
GENE_0383,1.2299310844193878,0.2225128798129499,5.5418467908326345,5.323477680427194,1.2299310844193878
GENE_0422,-1.2237514178040203,0.22525457447836458,7.527200882794384,7.8456285339943195,1.2237514178040203
GENE_0340,-1.2150601148951274,0.2280086650250441,5.383190791860253,5.525632458660395,1.2150601148951274
GENE_0483,1.214521672336044,0.22827697712065162,4.579009681795579,4.261474812634022,1.214521672336044
GENE_0497,-1.2132329306203622,0.22877124377768498,8.11883936829802,8.384533077668191,1.2132329306203622
GENE_0178,1.2102335183841588,0.22988273361941652,4.488754895798898,4.244774694422818,1.2102335183841588
GENE_0246,1.2096806575049284,0.23006007390735608,8.354606793039853,8.228046612171955,1.2096806575049284
GENE_0076,-1.2056009114751358,0.23178824449440677,5.10888578959579,5.324875653971911,1.2056009114751358
GENE_0298,-1.2055875795589197,0.23177556236067573,2.927695661214858,3.1942063965832803,1.2055875795589197
GENE_0407,-1.203277160027996,0.23252445854063986,8.27548012694741,8.488623225251352,1.203277160027996
GENE_0318,1.19006903045672,0.23770745451535666,3.153925573543966,2.9350861001058717,1.19006903045672
GENE_0424,-1.18337106694971,0.2403767996318945,3.225619631425753,3.439411158282082,1.18337106694971
GENE_0351,-1.17435144866767,0.24384262370850185,3.6175553434207757,3.897631224961274,1.17435144866767
GENE_0162,1.1719485699870462,0.24494874672691774,7.362982708739153,7.08129267166238,1.1719485699870462
GENE_0087,-1.169987277641489,0.24571474141171737,3.8279080616453895,4.193342974766796,1.169987277641489
GENE_0068,1.1696551439077512,0.2460929901271738,4.382367843363797,4.175013101606415,1.1696551439077512
GENE_0435,1.1599301139878633,0.24962469756570974,7.110938304549805,6.836863415430218,1.1599301139878633
GENE_0285,-1.1525698615925555,0.2526104231800917,6.320860135093596,6.683374635749966,1.1525698615925555
GENE_0402,-1.1476522881023534,0.2546216256483145,5.342124019812435,5.546387390122386,1.1476522881023534
GENE_0020,1.1316197642703016,0.261318767568818,6.833005105871631,6.586210409899914,1.1316197642703016
GENE_0355,1.1290513486326617,0.2623390811312658,7.934031468784417,7.647047630492534,1.1290513486326617
GENE_0062,-1.129010688606745,0.26251505789547863,4.468822385327407,4.775347778542885,1.129010688606745
GENE_0337,1.1283095975363,0.26265815210192645,3.217810593225984,3.0580263346674634,1.1283095975363
GENE_0233,1.1244077234757308,0.26429220548578564,3.6652338377898026,3.3476561644181664,1.1244077234757308
GENE_0256,1.1217414685778557,0.2655145212864459,6.357759938874888,6.045327128187131,1.1217414685778557
GENE_0433,-1.120208531211597,0.2660986767124578,8.148551005387985,8.536419959072228,1.120208531211597
GENE_0245,1.1193517280978436,0.2666978402639557,4.978982449832925,4.829263794041449,1.1193517280978436
GENE_0453,1.110706181306508,0.27018264808036213,3.400029068771778,3.1895411397224107,1.110706181306508
GENE_0019,1.1038167944210935,0.2733349672939465,5.329624997103284,5.11785500347339,1.1038167944210935
GENE_0157,1.1008035074254057,0.2744471576340449,7.940147202617996,7.718409244618323,1.1008035074254057
GENE_0165,1.089584261987665,0.27949398173276074,6.702697900470119,6.453084370174727,1.089584261987665
GENE_0489,-1.087103926302079,0.28060062388758605,6.26835373043817,6.452095198252214,1.087103926302079
GENE_0426,-1.0785656126045662,0.28446572382940355,5.94900755511118,6.196802737409384,1.0785656126045662
GENE_0114,1.076353401318242,0.2851876523506295,7.267645068267915,6.96366554504645,1.076353401318242
GENE_0301,-1.07524267129651,0.285643615954542,5.018699071649092,5.336553002316558,1.07524267129651
GENE_0179,-1.0622803344732408,0.2917214800330984,3.467839306726667,3.6281797238574094,1.0622803344732408
GENE_0466,-1.0596866824328612,0.29260813805040214,5.34037854498155,5.661330266212033,1.0596866824328612
GENE_0051,-1.0499493499529708,0.29705449830773195,2.930466907080506,3.182620844645286,1.0499493499529708
GENE_0336,1.0473875113380262,0.298278273073492,3.582405453337999,3.288935416694651,1.0473875113380262
GENE_0338,-1.0446401885144265,0.29947450741585024,4.892465977303658,5.086078743913771,1.0446401885144265
GENE_0411,1.0445624686952948,0.299489580530442,7.194166779045773,6.875235131980958,1.0445624686952948
GENE_0436,1.0399643823254623,0.30157191790215926,4.732446198822948,4.5367868838732806,1.0399643823254623
GENE_0216,-1.038805390796957,0.3022276572808728,4.194957028998976,4.321935587042907,1.038805390796957
GENE_0207,-1.0362020580434839,0.3033204466996309,8.959035820558105,9.075529462915403,1.0362020580434839
GENE_0378,1.0265515892547212,0.3078616962582154,7.908299888681296,7.7811833513067254,1.0265515892547212
GENE_0106,-1.0235283009891873,0.3092558291581794,6.842318661315723,7.11823776439409,1.0235283009891873
GENE_0094,-1.019755555959522,0.3114834482068657,6.534963838586674,6.777526762526678,1.019755555959522
GENE_0175,1.013953430534108,0.3137517707221011,3.1623774931767903,2.985322826477002,1.013953430534108
GENE_0425,-1.0122315091081082,0.3145579622112083,7.412479198621078,7.593918231288941,1.0122315091081082
GENE_0401,-1.0107708571595322,0.3156146819455279,6.055273699258845,6.371237899231347,1.0107708571595322
GENE_0235,1.0089491700212865,0.3161246129870939,8.931647138981823,8.807829831114532,1.0089491700212865
GENE_0253,1.00853402494025,0.3164304699543573,3.221319750928145,2.917889277200757,1.00853402494025
GENE_0027,-1.0009515811434262,0.3199691762196496,6.915471908393452,7.272443715596262,1.0009515811434262
GENE_0258,-0.992768256832678,0.3241011502964254,6.750268433250629,7.056991440667176,0.992768256832678
GENE_0221,-0.9924378398191503,0.32407691743227074,8.785891232490005,8.97684644706315,0.9924378398191503
GENE_0110,0.990571549865142,0.3249593603410712,8.682434614057922,8.425706167694344,0.990571549865142
GENE_0345,-0.9776713549651364,0.3312625061192647,8.016180127405244,8.251808669202479,0.9776713549651364
GENE_0300,0.9640603140967969,0.33800191535129404,6.2465496900852155,6.130855683106476,0.9640603140967969
GENE_0059,-0.956861487493287,0.34162406079177143,5.353373984222433,5.582413688877362,0.956861487493287
GENE_0339,0.9568421635068787,0.34162752532360763,3.509616653395949,3.355256184688119,0.9568421635068787
GENE_0000,0.9568243010295893,0.3416925502510663,7.288180436685428,7.008495351361779,0.9568243010295893
GENE_0454,-0.9559487655022523,0.34216531957910673,4.702833192332906,4.916072727370688,0.9559487655022523
GENE_0357,-0.9558099561868384,0.34213299920780404,6.00258005907896,6.182384448160031,0.9558099561868384
GENE_0225,-0.9495676512276592,0.345269210920411,6.388843255759188,6.5331595402930205,0.9495676512276592
GENE_0310,-0.9459199952494008,0.3471286154336819,8.827642348595736,9.049165818960986,0.9459199952494008
GENE_0448,-0.940553023466523,0.3498924842730053,4.231018526785997,4.411855132981477,0.940553023466523
GENE_0455,-0.939511932992772,0.35039879830594484,8.53203457220717,8.695942616009038,0.939511932992772
GENE_0159,-0.939446966559881,0.350444563333241,7.920520899143074,8.23317659581458,0.939446966559881
GENE_0438,-0.9384846384084018,0.35090585777703026,6.502234680701088,6.661192793016619,0.9384846384084018
GENE_0154,0.9297494819498403,0.3554366162722946,8.910313109574346,8.68363293002613,0.9297494819498403
GENE_0142,0.9243872767397023,0.3581959248280142,8.62984360475976,8.397015523676323,0.9243872767397023
GENE_0078,0.923207559303898,0.35903813060927087,7.2834682808798,7.05600369643288,0.923207559303898
GENE_0268,0.9207479201258433,0.36012342479338666,5.667712368683544,5.519089453545118,0.9207479201258433
GENE_0182,-0.9183436315380138,0.36130331613127675,5.208134168298446,5.439665907732736,0.9183436315380138
GENE_0040,0.9132158148175895,0.36400613934631953,4.594477975188538,4.470710789996155,0.9132158148175895
GENE_0312,0.9105655242702488,0.3654066515019822,3.3215055400842792,3.0777304034155764,0.9105655242702488
GENE_0430,0.9096123258456105,0.36587957318911,7.465035424438352,7.286189090721439,0.9096123258456105
GENE_0469,-0.9021805574932555,0.36974186821131166,7.164257983131854,7.364764639342167,0.9021805574932555
GENE_0083,0.89477074459506,0.3736626641593424,5.93999502919885,5.697950977203437,0.89477074459506
GENE_0358,-0.8940380088538227,0.3740693233812457,5.675390569327137,5.797486571934764,0.8940380088538227
GENE_0289,0.8924573169156907,0.37490665587194877,8.407404192014155,8.25577430164447,0.8924573169156907
GENE_0278,-0.8880814695897267,0.37728281596652197,5.955535074669653,6.245520863558302,0.8880814695897267
GENE_0226,-0.8851459532924234,0.37880558512576185,5.700962851555569,5.844102910734931,0.8851459532924234
GENE_0026,-0.8821491653532412,0.38042149988287133,6.924111587313385,7.139335261266254,0.8821491653532412
GENE_0238,0.8773753961611446,0.38309532322978046,8.328743424673707,8.012794623124515,0.8773753961611446
GENE_0101,0.867658894463886,0.3882463821782937,7.344548956316169,7.137033601500659,0.867658894463886
GENE_0452,0.8649595579377508,0.3897467444128351,5.187065185959235,4.901119246798912,0.8649595579377508
GENE_0332,0.8629610402574992,0.39086386802383366,3.9573383542489418,3.7863370046970184,0.8629610402574992
GENE_0025,-0.8627679224145622,0.3909344977682201,7.98376785585985,8.09514083862164,0.8627679224145622
GENE_0486,-0.8619948846848989,0.39133903694484956,3.5491199536228244,3.6559505858942964,0.8619948846848989
GENE_0029,-0.859372726526259,0.3928885243027622,8.369805137801377,8.61587613940938,0.859372726526259
GENE_0206,-0.8577191609462215,0.39370890036399603,6.455277438271255,6.607260744264356,0.8577191609462215
GENE_0085,0.8562841907876173,0.39447045069822645,4.386141876378929,4.130868257978793,0.8562841907876173
GENE_0331,-0.8537904135792743,0.395861854565438,5.262107055844569,5.496318944226775,0.8537904135792743
GENE_0015,0.8519780516057907,0.3969067341088441,3.915202667521439,3.671024533654714,0.8519780516057907
GENE_0437,-0.8485411203955582,0.39877564131058063,4.9795056972427645,5.212567830391684,0.8485411203955582
GENE_0007,-0.8474191519894982,0.3993575580820461,3.571153402958754,3.6870204987103548,0.8474191519894982
GENE_0125,0.845508182767377,0.4005489147990105,3.8362781833160717,3.730865936217981,0.845508182767377
GENE_0262,-0.8422437057449831,0.40228357058180175,8.908024272246795,9.158945427835565,0.8422437057449831
GENE_0257,-0.839006117733429,0.4040405508864602,3.2173261873196948,3.3133975438210728,0.839006117733429
GENE_0115,-0.8387288014469734,0.40426848305190827,6.472737585974078,6.68910388370613,0.8387288014469734
GENE_0405,-0.8387107506186352,0.4042344154123183,3.7162689137723808,3.9034101406786332,0.8387107506186352
GENE_0192,0.8369138312636716,0.4054628659488282,5.661197493257275,5.496725804900675,0.8369138312636716
GENE_0185,-0.8354381675363196,0.40612985014367753,7.6370349098594446,7.834702746185725,0.8354381675363196
GENE_0090,-0.8297511707839971,0.40924617938202623,4.495052100967884,4.608992516731168,0.8297511707839971
GENE_0065,-0.82807742729063,0.41015360589678634,4.243314724540285,4.5135935495551935,0.82807742729063
GENE_0326,0.8264108835265571,0.4110934795925375,7.263420560857057,7.1007149066752415,0.8264108835265571
GENE_0494,-0.8019286101214841,0.4251920139946498,6.100338973114432,6.266335796816819,0.8019286101214841
GENE_0231,-0.797582997793674,0.4275628348873448,4.893647434833383,5.107794402786212,0.797582997793674
GENE_0012,0.796968851411059,0.4279314173393588,8.411937098139749,8.155366649562907,0.796968851411059
GENE_0367,-0.7967342205586658,0.4280241913700618,6.386402298813757,6.476564138352667,0.7967342205586658
GENE_0130,0.7945958092818298,0.42939208548561186,5.419393353142857,5.246986021814547,0.7945958092818298
GENE_0145,-0.7930898087448023,0.43017023293084955,6.9893317711714875,7.201224697535325,0.7930898087448023
GENE_0061,-0.7913726306972864,0.43125256382283306,6.191344638279771,6.415165974908687,0.7913726306972864
GENE_0223,0.7912987667571793,0.43131379127877917,5.584348568563437,5.368680687009921,0.7912987667571793
GENE_0032,-0.7907316313646766,0.43152117656904737,6.070124214561692,6.214999621099878,0.7907316313646766
GENE_0104,0.7907071099925959,0.43151818088146415,5.78567956724215,5.609780103065166,0.7907071099925959
GENE_0412,0.7851979455423997,0.43472863101100495,8.858076196931908,8.635867617734846,0.7851979455423997
GENE_0386,0.7837402440418971,0.4356646126285395,3.1568240587021306,3.0149324729293996,0.7837402440418971
GENE_0195,-0.7815460271778742,0.4370309840799597,7.775737517626737,8.004369040641587,0.7815460271778742
GENE_0199,-0.7788738110979785,0.43843920773319817,6.751479221479087,6.891823791924375,0.7788738110979785
GENE_0148,0.7786709838039226,0.43861930829274587,9.043917041001029,8.886345243160942,0.7786709838039226
GENE_0164,0.7778762473659986,0.439005795135775,8.218486157735041,8.12086739475674,0.7778762473659986
GENE_0139,0.7705890511124142,0.44345696322988964,5.832343657456205,5.664799640698633,0.7705890511124142
GENE_0053,-0.7674028867369962,0.4451611402292638,5.52187137354201,5.627049844748838,0.7674028867369962
GENE_0343,-0.7560532151065497,0.4521489237407051,3.825447668808019,3.9089732214458466,0.7560532151065497
GENE_0491,-0.7553119159464626,0.4523470024822795,8.044901696638298,8.230331443885254,0.7553119159464626
GENE_0350,-0.7542778928132596,0.4529936675096537,8.90758468740789,9.15293395068898,0.7542778928132596
GENE_0317,0.7479470736811743,0.4570232070720237,4.769903723191402,4.6719454129769655,0.7479470736811743
GENE_0377,0.7356740843092558,0.46413953096551347,4.691115412743002,4.51420416391389,0.7356740843092558
GENE_0273,-0.7260013946551757,0.47004431994711005,3.178517648123774,3.2588219902327844,0.7260013946551757
GENE_0240,-0.724612423129191,0.470864758686863,8.77016325581377,8.859849422780673,0.724612423129191
GENE_0363,0.7215491262835498,0.4728048399026364,7.477571322970503,7.291937216485897,0.7215491262835498
GENE_0421,-0.7199924339508973,0.47372926584985603,3.3191985029088107,3.4557029196633096,0.7199924339508973
GENE_0356,-0.7163799273159067,0.47589991235058976,6.981772272448623,7.22029686504248,0.7163799273159067
GENE_0190,0.7078869729912398,0.481125417955767,5.3417475435019055,5.204794834995779,0.7078869729912398
GENE_0477,-0.7040803743117158,0.4834968191422566,5.23037248379422,5.407830072299896,0.7040803743117158
GENE_0365,-0.7025905433818882,0.4844139642426813,5.055852533259793,5.176288345077578,0.7025905433818882
GENE_0286,-0.7025626986440208,0.48457087635208324,4.130203882320822,4.333079225368999,0.7025626986440208
GENE_0203,0.701159827788513,0.48547860448997593,6.185607643796019,5.999563248459991,0.701159827788513
GENE_0431,0.6924812567170596,0.4907367021075215,6.661317721262717,6.568769097228393,0.6924812567170596
GENE_0155,0.6916599285470719,0.4912692810559804,8.175447860419272,7.923446647315733,0.6916599285470719
GENE_0054,0.688220233817613,0.4933630501266018,6.579502901510873,6.419392599629288,0.688220233817613
GENE_0086,0.6853016300305191,0.49519212008328767,4.597831605665368,4.516537236962688,0.6853016300305191
GENE_0128,0.6800571518005513,0.4985984496430727,8.232399374178566,8.047617976265407,0.6800571518005513
GENE_0470,0.6732959573514422,0.5027517079968814,6.021709191497666,5.939912446172336,0.6732959573514422
GENE_0107,-0.672815857568108,0.5030559681083067,7.500798306106499,7.720452952945739,0.672815857568108
GENE_0397,0.6688085947755635,0.5055924538899226,5.871795468523632,5.73124992125239,0.6688085947755635
GENE_0001,0.6681926475042782,0.5060010026617382,4.643101266309442,4.49892091379665,0.6681926475042782
GENE_0089,0.665417385762752,0.5077477473242595,7.04621614710552,6.8379903414252965,0.665417385762752
GENE_0079,0.6639441620104966,0.5088413967677589,7.12872295886514,6.933290384999969,0.6639441620104966
GENE_0069,-0.6575361095575868,0.5128283314298259,7.418409501982614,7.577185514585892,0.6575361095575868
GENE_0493,-0.6558710283574093,0.5138789713111858,3.51057369817634,3.7393024164197883,0.6558710283574093
GENE_0309,0.6548493111811441,0.5144965203001388,5.689324148497507,5.5921593500797755,0.6548493111811441
GENE_0409,0.6540973098723477,0.5149740191622386,5.478779815355978,5.349214084798264,0.6540973098723477
GENE_0121,-0.6509790086426852,0.5170015621486277,6.567954367073097,6.685452833332863,0.6509790086426852
GENE_0399,-0.6458329289677712,0.5204651514310908,6.963813662811643,7.116941233815827,0.6458329289677712
GENE_0299,0.6416048909825384,0.5230133537587206,7.237873190005699,7.07031296954067,0.6416048909825384
GENE_0013,-0.6356062775670258,0.5270294639541167,5.49329260092537,5.662015503277081,0.6356062775670258
GENE_0474,0.6342898000889706,0.5277704301420753,7.390951258898669,7.248709342664162,0.6342898000889706
GENE_0276,0.6330453534789691,0.5285812423277596,7.527396083647727,7.4243217904060845,0.6330453534789691
GENE_0102,0.6287454467351764,0.53135812873363,3.362382793362188,3.1635059549004754,0.6287454467351764
GENE_0186,-0.628739052244649,0.5313610099823728,3.6725771773453486,3.7644461823388555,0.628739052244649
GENE_0109,0.6281376223001629,0.5318140102425916,3.5795920455723893,3.423867325043132,0.6281376223001629
GENE_0039,0.6236844855704133,0.534670458469899,7.837290830582631,7.736003990136707,0.6236844855704133
GENE_0014,-0.6210375993900193,0.5364055986879483,3.9686487014970764,4.055944144981775,0.6210375993900193
GENE_0490,-0.6136775536395148,0.5412456303407338,8.808649907168228,8.89570313092231,0.6136775536395148
GENE_0136,0.6135389870141087,0.5413550425290641,7.253034297770293,7.168255534879822,0.6135389870141087
GENE_0333,0.6095168238607839,0.5439590776742441,5.9607312788721725,5.775451705529433,0.6095168238607839
GENE_0153,0.6092154407593414,0.5441777531650293,4.397112026657112,4.317337355691365,0.6092154407593414
GENE_0131,-0.6066950958044701,0.5458640515567732,4.937776032037211,5.0503123389087206,0.6066950958044701
GENE_0376,0.6057567192760666,0.5464505233598591,6.116708365229887,6.012843848894967,0.6057567192760666
GENE_0473,-0.6055202255566985,0.5466086986517691,3.5986550876655743,3.7585077888119516,0.6055202255566985
GENE_0016,-0.6051148848268818,0.5469413995230077,4.878874403209309,5.037164013726111,0.6051148848268818
GENE_0419,-0.6041025734484425,0.5475358915859264,8.372169601631736,8.457445944858112,0.6041025734484425
GENE_0112,-0.6012133890851201,0.5494775944563489,3.9488365861449295,4.0167159559983565,0.6012133890851201
GENE_0255,-0.5998079218138461,0.5504201764496647,7.967926468761933,8.140681482377186,0.5998079218138461
GENE_0171,-0.5993169063703593,0.5507022457087204,8.433478475596795,8.556646351827258,0.5993169063703593
GENE_0163,0.598539337501539,0.5512638255395395,8.15433778293926,8.090589960445076,0.598539337501539
GENE_0302,-0.593677695589928,0.5545160442066815,3.5462471642873923,3.688577393994668,0.593677695589928
GENE_0006,-0.5902020635953906,0.5567914324953105,7.830141238724993,7.913052982305435,0.5902020635953906
GENE_0304,0.5875250004462343,0.5586122963463875,7.955198333539346,7.868022496227574,0.5875250004462343
GENE_0456,0.5863882511153149,0.5593603267137,8.593371108959072,8.471312843044782,0.5863882511153149
GENE_0269,0.5861197276319567,0.559518535173061,5.515613492826373,5.348973049650028,0.5861197276319567
GENE_0244,0.5857967417742292,0.5597079255988645,4.960630522512911,4.834289626126861,0.5857967417742292
GENE_0227,-0.5775159534316651,0.5652906799384178,4.837996408462198,4.960161175551181,0.5775159534316651
GENE_0313,-0.5766354671545183,0.5658758739305261,5.975809503180716,6.129333475640353,0.5766354671545183
GENE_0152,-0.5709663892461705,0.5696957505457215,4.449328095915763,4.579593268632411,0.5709663892461705
GENE_0010,-0.5621716024888552,0.5756855043704733,6.684751203435762,6.884855185513963,0.5621716024888552
GENE_0467,0.5616361714365571,0.5759778850559457,5.456526048011722,5.332824211654125,0.5616361714365571
GENE_0372,-0.5572400214859711,0.5789953316927725,3.1426964667499275,3.3040567772611524,0.5572400214859711
GENE_0208,0.5567397007402572,0.5793042108831977,8.870799554075186,8.797343531055645,0.5567397007402572
GENE_0120,0.555616146987737,0.5800647457026028,9.049708293987905,8.910510943132884,0.555616146987737
GENE_0281,-0.552328911902852,0.5823154463706697,5.547141843460877,5.675680865404159,0.552328911902852
GENE_0379,0.5511444293415264,0.5831944095597305,6.5492802405980814,6.491074271866827,0.5511444293415264
GENE_0440,0.5505571504026079,0.5835580458538524,7.070912023102236,6.999388522596166,0.5505571504026079
GENE_0496,-0.5477825828415244,0.5854883382730048,5.335723996627962,5.486838814006255,0.5477825828415244
GENE_0480,-0.5438099045108256,0.5881399734563642,6.467266322253325,6.6089740240831105,0.5438099045108256
GENE_0151,-0.5423219912930547,0.5891446469122996,4.580608277969751,4.7020160937963675,0.5423219912930547
GENE_0334,-0.5416515819974209,0.589762537181102,2.952912657641095,3.0995377745994865,0.5416515819974209
GENE_0314,0.5408503706395601,0.5901527039642283,8.176479336602924,8.013468529825195,0.5408503706395601
GENE_0168,-0.5403561600703943,0.5905137793110106,6.24825897702605,6.374608282488843,0.5403561600703943
GENE_0263,-0.535663288415093,0.5937444544455602,7.448202664642804,7.51881498113882,0.535663288415093
GENE_0418,0.5342250431039706,0.5947322831464734,8.416580904169049,8.309659401472182,0.5342250431039706
GENE_0457,-0.5253527064944967,0.6008518861266455,5.905548268024612,6.076987979893391,0.5253527064944967
GENE_0111,0.5177190047242617,0.6062052526167873,3.4060983240668867,3.2217999411034683,0.5177190047242617
GENE_0098,-0.5152837959083145,0.6078248725103167,6.750397402166342,6.813814747130984,0.5152837959083145
GENE_0047,-0.5132569167666889,0.6092274427283502,4.017340598953621,4.114655046544352,0.5132569167666889
GENE_0034,-0.512609816897941,0.6097289291815509,7.191363325374345,7.282192786808309,0.512609816897941
GENE_0360,-0.5121197922318473,0.6100153101703992,5.0955631314840755,5.241921412383887,0.5121197922318473
GENE_0180,0.5115343573810348,0.6104223067418123,8.071203805314763,8.005606579265894,0.5115343573810348
GENE_0052,0.5107854256972665,0.610964703872131,6.879673751151854,6.7463764657202985,0.5107854256972665
GENE_0427,-0.5086731725506889,0.6124267465872036,3.570740273296039,3.671123209483615,0.5086731725506889
GENE_0031,0.5068979743877029,0.6136564610708297,7.838781350989907,7.775236332512016,0.5068979743877029
GENE_0420,0.5052613452230192,0.6149002492920792,5.927422272011861,5.7585507239785,0.5052613452230192
GENE_0177,0.5040368100251315,0.6156593073589725,6.868368365545332,6.7327924408236965,0.5040368100251315
GENE_0055,0.5035899133734323,0.6161111618047704,8.317395070063773,8.161559795594991,0.5035899133734323
GENE_0243,0.5027976008436841,0.6165245590860933,5.576507877409744,5.476744359260991,0.5027976008436841
GENE_0122,-0.5025988864105315,0.6167151437077038,8.792551037509357,8.880802120663226,0.5025988864105315
GENE_0084,0.4931770240134721,0.6232735419807099,4.6907656894209255,4.632757449121292,0.4931770240134721
GENE_0461,-0.4917051730504664,0.6243389702366926,7.521565280264213,7.5931544396218085,0.4917051730504664
GENE_0267,0.4867464883611807,0.6279195945497626,4.298911317595024,4.176274605041824,0.4867464883611807
GENE_0050,0.4726443262646643,0.6377869905806511,5.775928796843531,5.646684174422733,0.4726443262646643
GENE_0389,0.470192344192359,0.6397374852132863,8.849828461269775,8.721858731784286,0.470192344192359
GENE_0222,0.46991150136823456,0.6397471016762831,7.719251106830863,7.564124474644581,0.46991150136823456
GENE_0280,-0.4683451513102555,0.6408617097545671,4.202875003659087,4.328481926482887,0.4683451513102555
GENE_0133,0.4640849872434414,0.6439868823919954,6.095477992040981,5.966925486136657,0.4640849872434414
GENE_0371,0.46117703151888584,0.6459550492015022,6.988575853943919,6.8571066724747,0.46117703151888584
GENE_0374,0.46033269744579536,0.6465797493282011,4.2899115666153635,4.182319564517914,0.46033269744579536
GENE_0488,-0.4600498796165335,0.646769737777006,8.85894507175394,8.919716592095956,0.4600498796165335
GENE_0189,-0.4576439525449585,0.6484813366872821,5.9450100756784465,6.019107876699451,0.4576439525449585
GENE_0237,0.4553250445422208,0.6501516495211077,7.574625178361953,7.4402205662094705,0.4553250445422208
GENE_0023,-0.45200422382125655,0.6525204811609137,3.1453700887587224,3.243373911326843,0.45200422382125655
GENE_0353,0.4510624746816409,0.65324155966994,5.261025567922941,5.133025100838955,0.4510624746816409
GENE_0311,0.4496961110920656,0.6542339256075772,7.9931315530434945,7.83845250614641,0.4496961110920656
GENE_0277,-0.44772514783895057,0.655592910235221,3.3578712214720725,3.4318925353209098,0.44772514783895057
GENE_0315,-0.44648603017370525,0.6564957067122295,3.1286344840974745,3.1841307913612287,0.44648603017370525
GENE_0261,-0.4408110768801173,0.660641178137655,5.540582583179107,5.597362019920242,0.4408110768801173
GENE_0308,-0.4280634713298387,0.6698163381462636,8.617887929937911,8.700147006024093,0.4280634713298387
GENE_0124,-0.4277323794781878,0.6700332637974821,4.291135329114476,4.370593641701909,0.4277323794781878
GENE_0033,-0.41230227988302953,0.6813128488118231,4.723589865069984,4.827042146771379,0.41230227988302953
GENE_0003,-0.4107251197801861,0.6824124270043749,4.735553047435845,4.841116787316542,0.4107251197801861
GENE_0080,-0.4101456203271972,0.6828501138351737,3.422872662604533,3.548051819798475,0.4101456203271972
GENE_0172,-0.4093469664229139,0.6834069837749606,4.2147470209793045,4.318255173333027,0.4093469664229139
GENE_0077,0.40863162383331625,0.6840039151333902,4.861351757347047,4.774735813390318,0.40863162383331625
GENE_0415,-0.4081951425317214,0.68426398614648,3.215940244840948,3.2965867378191653,0.4081951425317214
GENE_0428,-0.40622579840580414,0.685755065145973,4.820269382083505,4.920799106527795,0.40622579840580414
GENE_0073,-0.40573696296271994,0.6860528959079647,6.286350979493175,6.390179656990005,0.40573696296271994
GENE_0161,-0.404641952205534,0.6869288350947258,6.3543466647466635,6.47452942774302,0.404641952205534
GENE_0193,0.4024462299214927,0.6884566654963667,3.6085812828018207,3.5499758322140997,0.4024462299214927
GENE_0444,-0.39687321200260334,0.6925452246263037,5.687625497248103,5.784932360338222,0.39687321200260334
GENE_0217,0.3965543103486561,0.6927805197733841,4.953720709672767,4.849991329651805,0.3965543103486561
GENE_0381,-0.3937645114945195,0.6948505225018106,5.044645742807864,5.089489151571253,0.3937645114945195
GENE_0045,0.3917053617465796,0.696346085308386,7.88642900736694,7.8086683629666975,0.3917053617465796
GENE_0215,-0.38499555554270787,0.7012919460445177,5.926124313445129,5.980860263492959,0.38499555554270787
GENE_0387,0.3822901630677286,0.7032868698268419,5.4842392426896565,5.419351727449559,0.3822901630677286
GENE_0166,-0.3793568079890047,0.7054669771106509,4.6303792216326745,4.729821654739044,0.3793568079890047
GENE_0191,0.37631684665218246,0.7077125418349485,8.36809487948041,8.291330257837478,0.37631684665218246
GENE_0100,-0.373626304999785,0.7097001907383427,8.939668292334392,9.02432454544216,0.373626304999785
GENE_0346,0.3706942274062273,0.7118712061574554,8.095102766942976,7.979777289137067,0.3706942274062273
GENE_0230,-0.3694223922605424,0.712894510791521,2.8570106309771313,2.9567170007283714,0.3694223922605424
GENE_0382,0.36763716722504675,0.7142276092308495,5.034636683034537,4.984676827620193,0.36763716722504675
GENE_0307,-0.36550469191858964,0.7157580182337283,8.732223274165534,8.817347913404271,0.36550469191858964
GENE_0075,-0.36470323414519923,0.7163390537220515,5.131580517040836,5.190855229555879,0.36470323414519923
GENE_0492,-0.36316559904749457,0.7174723420073145,7.540047282080853,7.63449739815515,0.36316559904749457
GENE_0295,0.36149478149952396,0.7187444486493255,7.128467801007877,7.075755219186438,0.36149478149952396
GENE_0390,0.3611659293364531,0.7190516078874027,4.468239572035527,4.367377016925493,0.3611659293364531
GENE_0117,0.35537548669724794,0.7232707563302602,5.419715283691828,5.378485760731463,0.35537548669724794
GENE_0375,0.354866469464488,0.7238076561700955,8.143883881861033,8.078489729210924,0.354866469464488
GENE_0093,0.3534075195260551,0.7248358892141411,6.179618633293835,6.098292756642478,0.3534075195260551
GENE_0366,-0.352346213435723,0.7256088495842097,7.042182330337522,7.14807741667052,0.352346213435723
GENE_0126,-0.3511385464960936,0.7264421582070542,7.603970590611981,7.648488475864812,0.3511385464960936
GENE_0092,-0.347389956047666,0.7293315859141085,4.81160314893032,4.85525062849854,0.347389956047666
GENE_0218,-0.33419483627916524,0.7391298462296884,7.436150274050092,7.511653107243463,0.33419483627916524
GENE_0137,0.32081049722735133,0.7492961824742727,6.2902275111292685,6.203904479778377,0.32081049722735133
GENE_0291,0.3188442432705433,0.7506980661800858,4.083512329332498,3.9862473871821855,0.3188442432705433
GENE_0017,-0.31840520868403666,0.751069220935659,5.304448020549001,5.352428597963306,0.31840520868403666
GENE_0135,0.31790443902552046,0.7514958861899124,8.583595631750082,8.498069398242484,0.31790443902552046
GENE_0057,0.31743421208716016,0.7517629817540973,8.784768175341409,8.739007598642742,0.31743421208716016
GENE_0294,-0.3168501787475252,0.7522308818633939,8.813402212319463,8.92555925695749,0.3168501787475252
GENE_0138,0.3162687116452714,0.7526521217086786,7.032277147866492,6.97913732243484,0.3162687116452714
GENE_0385,0.3096125044102207,0.7576907282484243,7.736762390473723,7.645539586634418,0.3096125044102207
GENE_0322,-0.30676699895803083,0.7598409170665745,5.943881433550269,6.033479986859845,0.30676699895803083
GENE_0297,0.30337876026641736,0.7624492494600732,6.246467982153355,6.169729249191143,0.30337876026641736
GENE_0284,0.2993635887341346,0.7654834662657795,8.476844704812562,8.415367917532086,0.2993635887341346
GENE_0271,0.2957434670001491,0.7682124210899857,6.6988310977935175,6.642248956063156,0.2957434670001491
GENE_0099,0.2946495595450511,0.7690525867724327,6.087347944925126,6.032959614393403,0.2946495595450511
GENE_0380,0.2946472684446128,0.7690513709790113,7.719440408029508,7.621549263920011,0.2946472684446128
GENE_0158,0.2921469306057579,0.7709535234407139,5.641870420642322,5.547072738953331,0.2921469306057579
GENE_0091,0.2882365464451684,0.7739390809099697,7.203483110364286,7.147629987343308,0.2882365464451684
GENE_0140,-0.2872234704141935,0.7747178151457149,6.046860016895048,6.087405643468744,0.2872234704141935
GENE_0252,0.28631031438884014,0.7754092265200767,7.850239661361476,7.812156773183149,0.28631031438884014
GENE_0328,0.28365178553443193,0.7774503366961034,3.3976509762267297,3.3166757912918805,0.28365178553443193
GENE_0396,0.2823232675363787,0.7785146259906344,6.76517109579801,6.701482414199073,0.2823232675363787
GENE_0002,0.2768418359618845,0.7826364770633154,7.246654926576758,7.1799239371151256,0.2768418359618845
GENE_0074,-0.2659655909530008,0.7909697380306568,3.1895238918568247,3.242276935007143,0.2659655909530008
GENE_0173,0.2644178553274025,0.7921554646910008,5.773083829480251,5.742497414868632,0.2644178553274025
GENE_0395,0.2549761893773645,0.7994451100330164,3.871561526300455,3.793490679875281,0.2549761893773645
GENE_0475,-0.25312824033644876,0.800835834956212,4.595921507031244,4.6521776692339625,0.25312824033644876
GENE_0270,-0.2530670927549625,0.8008832823225728,5.797299122594599,5.837002631659077,0.2530670927549625
GENE_0323,0.253041990732401,0.8009074012534118,3.848910223928627,3.7674812776031006,0.253041990732401
GENE_0202,-0.2523028641032579,0.8014715255894022,8.897162441249154,8.959599048359834,0.2523028641032579
GENE_0228,-0.2489821308656054,0.8040341290132261,6.803410597209509,6.872892339465233,0.2489821308656054
GENE_0303,-0.24800065747847136,0.8047957354836044,7.807420244129014,7.8493038374573825,0.24800065747847136
GENE_0035,-0.24416707149255398,0.8077489524208206,7.850063958579961,7.891458567135901,0.24416707149255398
GENE_0441,-0.2413539005494144,0.8099229256811347,3.3604240699098127,3.42031141531172,0.2413539005494144
GENE_0458,0.24093365289249502,0.8102499111525852,8.524494601751664,8.491640513412962,0.24093365289249502
GENE_0088,0.23915821878680252,0.8116751667448711,6.088598958383068,6.026027697524944,0.23915821878680252
GENE_0282,0.2368464897930488,0.8134080939847925,7.216110089039932,7.145301631988386,0.2368464897930488
GENE_0021,0.2342506411973964,0.8154102064851505,5.377347787312162,5.31794503250646,0.2342506411973964
GENE_0170,0.22899385980712836,0.8194807372107024,4.890765105149275,4.856921093642011,0.22899385980712836
GENE_0384,0.22399768013941743,0.8233515035797556,4.680118491979736,4.622383591451266,0.22399768013941743
GENE_0413,-0.21563019241984846,0.8298509830172388,6.542934418720058,6.579585050689166,0.21563019241984846
GENE_0499,0.21005758939067515,0.8341767611183274,2.9695541404474617,2.9441799893321923,0.21005758939067515
GENE_0481,0.2076541599812184,0.8360415549300221,7.54243764442941,7.483170420441786,0.2076541599812184
GENE_0274,-0.2063056868389689,0.8370989806669085,4.6272289525888555,4.649493623069544,0.2063056868389689
GENE_0498,0.20288848306980886,0.8397512824518969,6.56090134258196,6.507071406222271,0.20288848306980886
GENE_0183,-0.20108152854707634,0.8411663591241548,9.120420508840406,9.169843675458301,0.20108152854707634
GENE_0445,-0.19841629253602394,0.8432667179426803,6.593959735313609,6.647442134482427,0.19841629253602394
GENE_0105,0.19839776890882682,0.8432513254837845,8.685671173745252,8.65298500188172,0.19839776890882682
GENE_0176,-0.1981361027344929,0.8434553125559361,4.9307426431870045,4.994890719768124,0.1981361027344929
GENE_0400,-0.1945165351612422,0.8462811688810846,5.932414996220065,5.981857736338402,0.1945165351612422
GENE_0196,0.18956549534646613,0.8501431710467172,7.547035018754005,7.520861502090469,0.18956549534646613
GENE_0388,0.1857217676585339,0.853152160921148,6.477052085948111,6.431064956426416,0.1857217676585339
GENE_0283,0.18354713312908436,0.8548451222445704,7.605184976261448,7.5607289053810005,0.18354713312908436
GENE_0487,0.18085165576315906,0.8569538558696913,7.772389710510685,7.738922822255409,0.18085165576315906
GENE_0005,-0.1789297544681729,0.8584633354609578,7.599244589154455,7.647681003321426,0.1789297544681729
GENE_0341,-0.17718065538895492,0.859851088942665,6.551387859800866,6.597761203717965,0.17718065538895492
GENE_0204,0.17475670103670213,0.8617284359417837,8.685886350003937,8.648670831908195,0.17475670103670213
GENE_0266,-0.17432829248861104,0.8620892290520202,8.455381235586808,8.504843508164337,0.17432829248861104
GENE_0118,-0.17355635125149343,0.8626816867554921,3.3558702433431487,3.4075527677053565,0.17355635125149343
GENE_0482,-0.16815714859600978,0.8669142272169944,6.935410952380678,6.958686802039597,0.16815714859600978
GENE_0108,-0.16814191804993378,0.866907542296686,3.353563310998178,3.4076665576927203,0.16814191804993378
GENE_0236,0.1668226897432817,0.8679459658373813,8.793223559299232,8.741643036785081,0.1668226897432817
GENE_0260,0.16653139375352022,0.8681746158465472,8.347437750150798,8.315358150986222,0.16653139375352022
GENE_0417,0.16642412046710464,0.8682570852423631,7.6997325596263,7.65471902050935,0.16642412046710464
GENE_0147,0.16631809622389004,0.8683398338390832,8.34232868824707,8.306095989429346,0.16631809622389004
GENE_0348,0.1638214761742166,0.8703148880868383,7.458834086866476,7.421272467611928,0.1638214761742166
GENE_0044,-0.16143199666672406,0.8721716988005562,6.0791592037312725,6.127481659460135,0.16143199666672406
GENE_0335,-0.16059050388570018,0.8728425136194293,3.539651802676525,3.5784734506694775,0.16059050388570018
GENE_0220,0.15029400260630163,0.8809377012526606,6.3816850410616865,6.357881496696589,0.15029400260630163
GENE_0144,0.15001399974008023,0.8811408210775765,5.0143201998609825,4.977684467126882,0.15001399974008023
GENE_0342,0.14614328878414098,0.8841969759720832,7.805753981856094,7.782313321393254,0.14614328878414098
GENE_0229,0.139168567043025,0.8896800790860037,3.6228071929155883,3.594683703989395,0.139168567043025
GENE_0060,0.1386983359255432,0.8901032444587459,6.385174380268429,6.337896240968997,0.1386983359255432
GENE_0095,0.138181538304922,0.8904596137185551,3.768096401143849,3.7403381616031792,0.138181538304922
GENE_0097,0.13583070708747227,0.8923103827887284,3.83714993034002,3.810384739599107,0.13583070708747227
GENE_0214,-0.1343035935046809,0.8935116729881718,8.095905969851975,8.129629340533068,0.1343035935046809
GENE_0321,0.13194807641869957,0.8953669807853257,4.421400195666413,4.395470670065224,0.13194807641869957
GENE_0446,0.1283016195780767,0.8982459122204333,4.2109098514691095,4.188729574993056,0.1283016195780767
GENE_0188,-0.1264579916409898,0.8997101872299391,7.986291829919483,8.006489309504804,0.1264579916409898
GENE_0067,0.12488768253081224,0.9009473540755403,3.511971954751394,3.4698864858118625,0.12488768253081224
GENE_0247,-0.12336171659805337,0.9021511379144875,3.375795549958054,3.400383651234854,0.12336171659805337
GENE_0370,-0.12164743033543059,0.9034911574905452,3.0813015959666386,3.117542115755441,0.12164743033543059
GENE_0472,0.12017282268329146,0.9046560892856345,5.6209018313017145,5.6015727833388285,0.12017282268329146
GENE_0329,0.11141803618739116,0.9115729840875073,4.229689771553458,4.206635816106576,0.11141803618739116
GENE_0465,0.10994171893856945,0.9127467651346489,5.289000720741016,5.25781919419489,0.10994171893856945
GENE_0009,-0.10808953379531187,0.9142032576953912,8.542046257445062,8.58158144814767,0.10808953379531187
GENE_0364,0.10703298577035895,0.9150407410697997,6.0931394748271455,6.071609471282494,0.10703298577035895
GENE_0403,0.09311585045290599,0.9260521563459119,7.774668204903928,7.761374931575844,0.09311585045290599
GENE_0368,0.09260296154001889,0.9264568645298964,4.404349770904926,4.376728722595371,0.09260296154001889
GENE_0116,-0.09226927047364314,0.9267367637231668,4.0368256578156165,4.060129544926864,0.09226927047364314
GENE_0210,-0.0869181635902982,0.9309613433909333,7.379796273714959,7.392130377217515,0.0869181635902982
GENE_0479,0.08134259986596355,0.9353796600343736,8.221141655406845,8.200086772099514,0.08134259986596355
GENE_0429,-0.078547458984821,0.9375937866355432,4.0193888936236615,4.046140558534985,0.078547458984821
GENE_0414,-0.07811115706592692,0.9379397590407623,7.344254434631038,7.354769549038596,0.07811115706592692
GENE_0056,0.07491562830678812,0.9404742142652524,8.781813505214647,8.762316010759998,0.07491562830678812
GENE_0362,0.07416120416895236,0.941073978444689,3.941776757159912,3.924009848441652,0.07416120416895236
GENE_0143,-0.07187443295771424,0.9428859125707618,6.876641214534383,6.887867708346152,0.07187443295771424
GENE_0361,-0.07024472177350953,0.9441906939774979,6.343615881283869,6.357393691070814,0.07024472177350953
GENE_0254,-0.06978996199314266,0.9445401409964347,7.440390316348603,7.45213194333752,0.06978996199314266
GENE_0468,0.06484558534140909,0.9484631962109414,3.9610483419549327,3.9433171556288387,0.06484558534140909
GENE_0463,-0.06310637189239972,0.9498512826310462,6.181448451580737,6.1963406022990615,0.06310637189239972
GENE_0030,0.059668602564575936,0.9525781102617885,7.495608747494964,7.477925195822783,0.059668602564575936
GENE_0349,-0.059394056632380225,0.9527910825458508,3.8916778404344528,3.902538481380212,0.059394056632380225
GENE_0082,-0.05864930955586068,0.9533927538108594,3.201980488341514,3.2098771525558503,0.05864930955586068
GENE_0306,0.046832727215037305,0.9627666627040284,4.127059820418272,4.115152335101899,0.046832727215037305
GENE_0272,-0.046149071310375135,0.9633098243556872,8.925347015525446,8.933211646962508,0.046149071310375135
GENE_0049,0.04339142049392869,0.9655007520206941,5.6626302538283735,5.657712733278603,0.04339142049392869
GENE_0296,-0.0394381845505741,0.9686472248121046,4.476086983161612,4.488188037173858,0.0394381845505741
GENE_0113,0.03812092308067644,0.9696908469062825,7.087106964159266,7.079526982783089,0.03812092308067644
GENE_0398,-0.03779650852061436,0.9699465355969729,3.7100974013160792,3.717358772501604,0.03779650852061436
GENE_0264,0.03667059796113039,0.9708415072174705,6.046343036906888,6.0409145508995765,0.03667059796113039
GENE_0410,0.0362270671020489,0.971194091276794,5.640944694696257,5.6280857870492,0.0362270671020489
GENE_0485,-0.029971845986449575,0.976166293390615,7.888629414954403,7.891946872743898,0.029971845986449575
GENE_0038,0.02561181058871685,0.9796330487348155,6.849042531732093,6.842725919652578,0.02561181058871685
GENE_0250,-0.021941704950441725,0.982551375345174,3.503007550829294,3.5086931596578936,0.021941704950441725
GENE_0146,-0.020962561507953566,0.983329068848278,3.1846158140470124,3.1892071123324124,0.020962561507953566
GENE_0042,-0.02081967068392044,0.9834429907283102,6.988388926490781,6.995219567023897,0.02081967068392044
GENE_0344,0.02027650814014468,0.9838754744488352,5.801901769927735,5.795568205153558,0.02027650814014468
GENE_0471,0.01995297638800708,0.9841319014298474,7.958299717114829,7.953963102152523,0.01995297638800708
GENE_0416,-0.019547396064385866,0.9844545331810886,4.517007505036799,4.521023616470329,0.019547396064385866
GENE_0058,0.013843191783378233,0.9889912921990889,4.729889674976837,4.725738592130064,0.013843191783378233
GENE_0354,-0.011092084324725745,0.9911783502513604,4.76524396816477,4.768280319509519,0.011092084324725745
GENE_0443,0.0060961055574197875,0.9951516982089557,7.4276634304514575,7.4269147660239785,0.0060961055574197875
GENE_0442,0.005781090242891494,0.9954021537008358,3.3091098895987967,3.3078704368486953,0.005781090242891494
GENE_0071,0.004281492630615329,0.9965948155813896,4.2555826628562015,4.254356638938335,0.004281492630615329
